yeevool400,df7ca436-346a-3bf1-a823-a2f1caca3156
faythe_techno,ea10945d-008e-3643-b1c1-efd3094ec62d
d__,1a239ac5-be38-3b1b-8747-54f520b6bd0a
trav,37c44f37-5202-3e7f-ba85-ee4f00fe48f5
jaquavius,efc3f48a-367c-3372-9a8f-25ad47068e01
jeff,33e1b1f6-8e21-3c2e-bf04-2dcff0503ec1
icetrae11,f7f3c8b0-5ee2-32bf-b92f-df043774c5c2
pro,5218515b-3207-3e90-b36d-3a518ad6eb34
pingpong,b285115c-4ce3-3bde-bfa0-fc058f34f1f3
rkv5,61f01376-7053-3bc1-a4b8-6b2e1ffe6e74
fe4r_,48bf079b-4545-3b18-897b-3bfcc69647bd
lopo,87611528-9176-3688-87e3-7bd8cea79903
coolboi,2e5151b6-b198-3b75-8444-ebb9a21c8aa6
fe4r,34216f39-b4ea-31c0-865d-876d1688dbe2
hilo,82f09418-502e-32fd-a2b4-7723a23e6f41
j031,5cdd78dd-b194-3234-a38e-15cea824c2be
trav21,9b9a31fa-0141-3179-be95-e902799d077d
coolbo,4436b212-d336-342e-ae41-fa096f934834
bingusgod,41cbc1a2-8904-31af-b473-0a0542d84b78
fishymandudeguy,78fd6d6f-2da9-3654-ae99-a85350fbd6c8
